Config,Name,Forecast_Model,Buffer_Type,MAE,RMSE,SLA_Breach_Pct,Overshoot_Pct,Grace_Zone_Pct,Over_Provisioning,Under_Provisioning
B0,Naive (Persistence),y[t-1],Zero Buffer,0.06305436166384677,0.1080263759886258,42.74917491749175,53.07920792079208,4.1551155115511555,0.032071325461865634,0.03098303620198115
B0b,Seasonal Naive,y[t-288] (24h),Zero Buffer,0.1405331096347224,0.18820331595224643,49.3927392739274,49.115511551155116,1.4917491749174918,0.06862547187727719,0.07190763775744521
B1,Global GRU,GRU (7 feat),Zero Buffer,0.05698859460076378,0.09431942871530978,39.86138613861387,56.44554455445544,3.693069306930693,0.033089330381548016,0.023899264219215767
B2,Holt-Winters,HW (Tuned m),Zero Buffer,0.1619112812275405,0.21071111977020546,49.227722772277225,49.67656765676568,1.0825082508250825,0.08529070449891592,0.07662057672862456
B3,GRU + Fixed Mean Buffer,GRU-based,Fixed Scalar (0.1659),0.05698859460076378,0.09431942871530978,2.6765676567656764,97.24422442244224,0.07920792079207921,0.1778499678145131,0.0027428263490752672
B4a,GRU + U1 Calibrated (Disagreement),GRU + HW Sensor,beta* U1_cal (beta=3.00),0.05698859460076378,0.09431942871530978,6.844884488448845,92.40594059405942,0.7161716171617162,0.19813597979501807,0.004848560278937212
B4b,GRU + U2 Calibrated (Error EWMA),GRU-based,beta* U2_cal (beta=3.00),0.05698859460076378,0.09431942871530978,2.7722772277227725,96.94389438943894,0.25082508250825086,0.17672914761228709,0.003050494879967748
B4c,GRU + U3 Calibrated (Volatility),GRU-based,beta* U3_cal (beta=3.00),0.05698859460076378,0.09431942871530978,4.201320132013201,95.29372937293729,0.4686468646864687,0.17324177142519995,0.0038300581314923334
P,Proposed Adaptive Calibrated,GRU-based (Adaptive),"beta* U*_cal (N*=75, beta=3.00)",0.05698859460076378,0.09431942871530978,5.201320132013201,94.25742574257426,0.49834983498349833,0.17962586066463793,0.00428064716890286
